shuffle_partitions,seconds
20,0.8800313329556957
50,0.6609228749875911
100,0.6689668750041164
200,0.6854725840385072
400,0.6583771249861456
