format,seconds
csv,9.006814459047746
parquet,2.082976083038375
