method,seconds
no_cache,2.3815575829939917
cache_fill,0.02725387498503551
cached_second_run,0.11125279095722362
